{"200000.0": 82.39189147949219, "201000.0": 84.36404418945312, "202000.0": 85.60244750976562, "203000.0": 80.77194213867188, "204000.0": 83.80130767822266, "205000.0": 83.47274780273438, "206000.0": 83.79508209228516, "207000.0": 87.50839233398438, "208000.0": 84.58496856689453, "209000.0": 84.16810607910156, "210000.0": 85.95207214355469, "211000.0": 83.9988021850586, "212000.0": 85.04375457763672, "213000.0": 87.11105346679688, "214000.0": 89.16474914550781, "215000.0": 89.21501922607422, "216000.0": 87.50830841064453, "217000.0": 86.02196502685547, "218000.0": 85.37090301513672, "219000.0": 87.6363296508789, "220000.0": 84.98284912109375, "221000.0": 84.09957122802734, "222000.0": 88.19512939453125, "223000.0": 84.36856079101562, "224000.0": 81.9276123046875, "225000.0": 87.74191284179688, "226000.0": 86.6550064086914, "227000.0": 86.80289459228516, "228000.0": 83.86585235595703, "229000.0": 86.41683959960938, "230000.0": 85.94480895996094, "231000.0": 81.91363525390625, "232000.0": 81.63067626953125, "233000.0": 85.76414489746094, "234000.0": 85.69938659667969, "235000.0": 86.57051086425781, "236000.0": 83.96054077148438, "237000.0": 85.83555603027344, "238000.0": 86.98955535888672, "239000.0": 85.53427124023438, "240000.0": 81.9732666015625, "241000.0": 80.33535766601562, "242000.0": 82.7224349975586, "243000.0": 80.65267944335938, "244000.0": 82.50687408447266, "245000.0": 82.12818145751953, "246000.0": 81.36534118652344, "247000.0": 82.09542083740234, "248000.0": 82.73747253417969, "249000.0": 85.40701293945312, "250000.0": 85.94497680664062, "251000.0": 86.79409790039062, "252000.0": 86.22857666015625, "253000.0": 83.14915466308594, "254000.0": 89.79605865478516, "255000.0": 88.63166046142578, "256000.0": 89.9025650024414, "257000.0": 90.13154602050781, "258000.0": 90.2072525024414, "259000.0": 89.41630554199219, "260000.0": 88.33773803710938, "261000.0": 86.75645446777344, "262000.0": 88.97901916503906, "263000.0": 87.6149673461914, "264000.0": 85.9626693725586, "265000.0": 87.42741394042969, "266000.0": 88.35771179199219, "267000.0": 85.99567413330078, "268000.0": 85.56460571289062, "269000.0": 85.53900909423828, "270000.0": 83.79944610595703, "271000.0": 82.1639404296875, "272000.0": 86.16046905517578, "273000.0": 84.49759674072266, "274000.0": 87.19013214111328, "275000.0": 91.38710021972656, "276000.0": 87.713134765625, "277000.0": 85.694580078125, "278000.0": 87.32715606689453, "279000.0": 87.29412078857422, "280000.0": 85.03258514404297, "281000.0": 86.18623352050781, "282000.0": 86.55856323242188, "283000.0": 85.03823852539062, "284000.0": 83.76608276367188, "285000.0": 84.38346099853516, "286000.0": 84.79378509521484, "287000.0": 87.70537567138672, "288000.0": 88.20999908447266, "289000.0": 89.19439697265625, "290000.0": 83.8289566040039, "291000.0": 84.13960266113281, "292000.0": 83.42536163330078, "293000.0": 87.38935852050781, "294000.0": 86.72119140625, "295000.0": 84.48005676269531, "296000.0": 85.43315124511719, "297000.0": 86.05885314941406, "298000.0": 85.01941680908203, "299000.0": 86.17276000976562, "300000.0": 84.99011993408203, "301000.0": 83.39279174804688, "302000.0": 83.71073913574219, "303000.0": 82.6363754272461, "304000.0": 80.26248931884766, "305000.0": 83.66744232177734, "306000.0": 84.32707214355469, "307000.0": 86.57951354980469, "308000.0": 88.24148559570312, "309000.0": 88.50895690917969, "310000.0": 86.4608383178711, "311000.0": 84.83538818359375, "312000.0": 88.10305786132812, "313000.0": 85.88644409179688, "314000.0": 82.52012634277344, "315000.0": 84.0781021118164, "316000.0": 82.07195281982422, "317000.0": 83.72282409667969, "318000.0": 86.07636260986328, "319000.0": 83.10420989990234, "320000.0": 86.82502746582031, "321000.0": 89.30720520019531, "322000.0": 88.92721557617188, "323000.0": 87.86419677734375, "324000.0": 86.55813598632812, "325000.0": 87.24971771240234, "326000.0": 87.39126586914062, "327000.0": 87.69357299804688, "328000.0": 88.12161254882812, "329000.0": 85.77763366699219, "330000.0": 84.66926574707031, "331000.0": 88.52105712890625, "332000.0": 85.93092346191406, "333000.0": 86.37852478027344, "334000.0": 86.77799987792969, "335000.0": 87.88338470458984, "336000.0": 88.90555572509766, "337000.0": 87.95152282714844, "338000.0": 83.21788787841797, "339000.0": 81.37333679199219, "340000.0": 84.20091247558594, "341000.0": 85.25407409667969, "342000.0": 86.60870361328125, "343000.0": 83.17532348632812, "344000.0": 80.80834197998047, "345000.0": 81.26339721679688, "346000.0": 83.40928649902344, "347000.0": 79.47174072265625, "348000.0": 82.92713928222656, "349000.0": 84.1678695678711, "350000.0": 83.10453796386719, "351000.0": 83.70765686035156, "352000.0": 83.21189880371094, "353000.0": 84.839599609375, "354000.0": 82.04728698730469, "355000.0": 81.28899383544922, "356000.0": 87.11439514160156, "357000.0": 87.9273681640625, "358000.0": 86.31587219238281, "359000.0": 88.27708435058594, "360000.0": 84.03178405761719, "361000.0": 88.11280822753906, "362000.0": 89.65895080566406, "363000.0": 88.36060333251953, "364000.0": 86.56773376464844, "365000.0": 87.01287078857422, "366000.0": 87.46234893798828, "367000.0": 85.42591857910156, "368000.0": 88.8521499633789, "369000.0": 88.30691528320312, "370000.0": 88.03966522216797, "371000.0": 83.81420135498047, "372000.0": 82.78666687011719, "373000.0": 85.25123596191406, "374000.0": 83.37435913085938, "375000.0": 84.93697357177734, "376000.0": 83.78192901611328, "377000.0": 78.6738052368164, "378000.0": 82.7542953491211, "379000.0": 85.19600677490234, "380000.0": 89.5719223022461, "381000.0": 87.43035888671875, "382000.0": 89.29342651367188, "383000.0": 82.55680847167969, "384000.0": 85.37237548828125, "385000.0": 87.78120422363281, "386000.0": 80.65997314453125, "387000.0": 86.0465316772461, "388000.0": 85.90379333496094, "389000.0": 86.77867126464844, "390000.0": 85.59159088134766, "391000.0": 84.7645492553711, "392000.0": 87.0421142578125, "393000.0": 88.55648803710938, "394000.0": 87.55821228027344, "395000.0": 85.48629760742188, "396000.0": 85.5375747680664, "397000.0": 86.33958435058594, "398000.0": 89.20358276367188, "399000.0": 88.42939758300781, "400000.0": 85.95269012451172, "401000.0": 83.19335174560547, "402000.0": 83.5076904296875, "403000.0": 77.54722595214844, "404000.0": 83.25025939941406, "405000.0": 83.65795135498047, "406000.0": 87.20095825195312, "407000.0": 86.04151916503906, "408000.0": 82.41487121582031, "409000.0": 80.98648834228516, "410000.0": 83.93611907958984, "411000.0": 84.34315490722656, "412000.0": 85.12738037109375, "413000.0": 85.69903564453125, "414000.0": 87.66112518310547, "415000.0": 85.3409194946289, "416000.0": 83.80782318115234, "417000.0": 83.5700912475586, "418000.0": 82.44725036621094, "419000.0": 81.78421020507812, "420000.0": 86.10831451416016, "421000.0": 82.67150115966797, "422000.0": 81.67156982421875, "423000.0": 82.43161010742188, "424000.0": 83.62425231933594, "425000.0": 82.53297424316406, "426000.0": 82.43956756591797, "427000.0": 87.82889556884766, "428000.0": 88.99874877929688, "429000.0": 84.69876098632812, "430000.0": 88.98230743408203, "431000.0": 88.56543731689453, "432000.0": 84.64216613769531, "433000.0": 87.81990051269531, "434000.0": 87.55715942382812, "435000.0": 89.01808166503906, "436000.0": 86.93904876708984, "437000.0": 90.17254638671875, "438000.0": 91.968505859375, "439000.0": 89.23747253417969, "440000.0": 91.56940460205078, "441000.0": 89.48373413085938, "442000.0": 88.01943969726562, "443000.0": 88.38433074951172, "444000.0": 88.06599426269531, "445000.0": 85.84613800048828, "446000.0": 85.86487579345703, "447000.0": 85.68159484863281, "448000.0": 86.25830078125, "449000.0": 87.52812194824219, "450000.0": 91.4601058959961, "451000.0": 88.87124633789062, "452000.0": 89.52393341064453, "453000.0": 90.73628234863281, "454000.0": 90.07579040527344, "455000.0": 89.04163360595703, "456000.0": 90.90678405761719, "457000.0": 89.20603942871094, "458000.0": 87.6318359375,