{"40000.0": 85.13383483886719, "40100.0": 84.52415466308594, "40200.0": 84.25907135009766, "40300.0": 84.41380310058594, "40400.0": 84.2593765258789, "40500.0": 83.9515380859375, "40600.0": 84.1415786743164, "40700.0": 84.08033752441406, "40800.0": 83.86852264404297, "40900.0": 84.391357421875, "41000.0": 84.21681213378906, "41100.0": 83.60684204101562, "41200.0": 84.18733215332031, "41300.0": 83.40618896484375, "41400.0": 83.34190368652344, "41500.0": 83.80481719970703, "41600.0": 83.72679138183594, "41700.0": 83.72490692138672, "41800.0": 83.82674407958984, "41900.0": 83.76661682128906, "42000.0": 83.86569213867188, "42100.0": 83.22846221923828, "42200.0": 82.7740478515625, "42300.0": 82.58657836914062, "42400.0": 82.59700012207031, "42500.0": 82.70343017578125, "42600.0": 82.09252166748047, "42700.0": 83.18245697021484, "42800.0": 83.10181427001953, "42900.0": 83.55032348632812, "43000.0": 83.64981842041016, "43100.0": 83.37190246582031, "43200.0": 82.41851043701172, "43300.0": 83.29421997070312, "43400.0": 82.87728118896484, "43500.0": 83.2243423461914, "43600.0": 82.84982299804688, "43700.0": 83.06031036376953, "43800.0": 82.93142700195312, "43900.0": 83.18380737304688, "44000.0": 82.8115234375, "44100.0": 82.72325134277344, "44200.0": 82.51061248779297, "44300.0": 82.28504943847656, "44400.0": 82.05836486816406, "44500.0": 82.71729278564453, "44600.0": 82.30686950683594, "44700.0": 82.0902099609375, "44800.0": 81.46900177001953, "44900.0": 81.3369140625, "45000.0": 80.8753662109375, "45100.0": 81.30110168457031, "45200.0": 81.05122375488281, "45300.0": 81.52194213867188, "45400.0": 81.33287048339844, "45500.0": 80.81218719482422, "45600.0": 80.86895751953125, "45700.0": 81.40203857421875, "45800.0": 80.53384399414062, "45900.0": 81.26628112792969, "46000.0": 81.72150421142578, "46100.0": 81.39222717285156, "46200.0": 81.23725891113281, "46300.0": 81.62110900878906, "46400.0": 81.10667419433594, "46500.0": 82.59186553955078, "46600.0": 81.94385528564453, "46700.0": 81.70238494873047, "46800.0": 82.02409362792969, "46900.0": 82.03211975097656, "47000.0": 81.49151611328125, "47100.0": 82.14484405517578, "47200.0": 81.9620361328125, "47300.0": 82.4961166381836, "47400.0": 81.44783782958984, "47500.0": 82.62352752685547, "47600.0": 82.40890502929688, "47700.0": 82.14764404296875, "47800.0": 81.88980102539062, "47900.0": 82.1152114868164, "48000.0": 81.75885009765625, "48100.0": 82.25220489501953, "48200.0": 83.29901885986328, "48300.0": 82.69462585449219, "48400.0": 82.57841491699219, "48500.0": 83.09011840820312, "48600.0": 83.16329956054688, "48700.0": 82.84351348876953, "48800.0": 82.92044830322266, "48900.0": 82.68684387207031, "49000.0": 82.70732116699219, "49100.0": 83.14774322509766, "49200.0": 83.07918548583984, "49300.0": 83.2103042602539, "49400.0": 82.34009552001953, "49500.0": 83.13832092285156, "49600.0": 83.19453430175781, "49700.0": 83.15480041503906, "49800.0": 83.08259582519531, "49900.0": 83.3177490234375, "50000.0": 83.45818328857422, "50100.0": 83.57730102539062, "50200.0": 83.31909942626953, "50300.0": 83.35360717773438, "50400.0": 83.584716796875, "50500.0": 83.55014038085938, "50600.0": 83.62397003173828, "50700.0": 83.62396240234375, "50800.0": 83.69741821289062, "50900.0": 83.38668823242188, "51000.0": 83.21846008300781, "51100.0": 82.74654388427734, "51200.0": 82.79898834228516, "51300.0": 83.37968444824219, "51400.0": 83.78065490722656, "51500.0": 83.51542663574219, "51600.0": 83.07745361328125, "51700.0": 82.77325439453125, "51800.0": 82.30406188964844, "51900.0": 82.84981536865234, "52000.0": 82.61213684082031, "52100.0": 82.89054107666016, "52200.0": 82.10336303710938, "52300.0": 82.20751953125, "52400.0": 82.79069519042969, "52500.0": 81.70762634277344, "52600.0": 81.78910827636719, "52700.0": 81.49327087402344, "52800.0": 81.81494140625, "52900.0": 81.79830932617188, "53000.0": 82.13683319091797, "53100.0": 81.30107879638672, "53200.0": 81.08050537109375, "53300.0": 81.63145446777344, "53400.0": 81.05322265625, "53500.0": 81.11158752441406, "53600.0": 81.3736572265625, "53700.0": 81.15829467773438, "53800.0": 81.36170196533203, "53900.0": 81.55892944335938, "54000.0": 80.82832336425781, "54100.0": 80.82408142089844, "54200.0": 81.69583129882812, "54300.0": 80.92474365234375, "54400.0": 81.50127410888672, "54500.0": 82.28832244873047, "54600.0": 81.70539855957031, "54700.0": 81.46476745605469, "54800.0": 82.16302490234375, "54900.0": 82.69542694091797, "55000.0": 82.32695770263672, "55100.0": 82.5979995727539, "55200.0": 82.65185546875, "55300.0": 83.31785583496094, "55400.0": 83.5533447265625, "55500.0": 84.15010070800781, "55600.0": 83.29634094238281, "55700.0": 84.39228057861328, "55800.0": 83.90765380859375, "55900.0": 83.45816802978516, "56000.0": 82.8876953125, "56100.0": 82.88529205322266, "56200.0": 83.39034271240234, "56300.0": 83.06987762451172, "56400.0": 82.93048095703125, "56500.0": 82.44013977050781, "56600.0": 83.05618286132812, "56700.0": 82.2531967163086, "56800.0": 82.12279510498047, "56900.0": 82.18766784667969, "57000.0": 81.8370361328125, "57100.0": 82.09082794189453, "57200.0": 83.03897857666016, "57300.0": 82.46025085449219, "57400.0": 83.00423431396484, "57500.0": 82.27494049072266, "57600.0": 82.41641998291016, "57700.0": 82.97171783447266, "57800.0": 82.678466796875, "57900.0": 82.28386688232422, "58000.0": 82.40390014648438, "58100.0": 82.32184600830078, "58200.0": 82.5752944946289, "58300.0": 83.13021850585938, "58400.0": 82.14173126220703, "58500.0": 83.14778137207031, "58600.0": 83.2120132446289, "58700.0": 82.7461166381836, "58800.0": 83.06333923339844, "58900.0": 82.7548828125, "59000.0": 82.3140640258789, "59100.0": 82.90892028808594, "59200.0": 82.26429748535156, "59300.0": 82.26982879638672, "59400.0": 82.34219360351562, "59500.0": 82.19901275634766, "59600.0": 82.13542938232422, "59700.0": 81.95866394042969, "59800.0": 81.66190338134766, "59900.0": 81.5956802368164, "60000.0": 81.51504516601562, "60100.0": 81.5987777709961, "60200.0": 81.81319427490234, "60300.0": 81.89598846435547, "60400.0": 81.53217315673828, "60500.0": 81.98394012451172, "60600.0": 81.72718048095703, "60700.0": 81.70393371582031, "60800.0": 80.72769165039062, "60900.0": 81.6761474609375, "61000.0": 81.68806457519531, "61100.0": 81.6639633178711, "61200.0": 81.45663452148438, "61300.0": 81.52252960205078, "61400.0": 81.59442138671875, "61500.0": 81.33500671386719, "61600.0": 81.46709442138672, "61700.0": 80.58027648925781, "61800.0": 81.28350830078125, "61900.0": 80.58943939208984, "62000.0": 81.27510070800781, "62100.0": 80.5325698852539, "62200.0": 80.37397766113281, "62300.0": 80.6059341430664, "62400.0": 80.81163024902344, "62500.0": 80.70831298828125, "62600.0": 80.69136810302734, "62700.0": 80.9242935180664, "62800.0": 80.51402282714844, "62900.0": 80.24574279785156, "63000.0": 80.42945861816406, "63100.0": 80.5387954711914, "63200.0": 80.47583770751953, "63300.0": 80.32080078125, "63400.0": 80.48414611816406, "63500.0": 80.68035888671875, "63600.0": 80.29402923583984, "63700.0": 80.92453002929688, "63800.0": 81.56356811523438, "63900.0": 81.06482696533203, "64000.0": 80.1493148803711, "64100.0": 80.8327865600586, "64200.0": 81.38008880615234, "64300.0": 82.0461654663086, "64400.0": 82.36566162109375, "64500.0": 82.93793487548828, "64600.0": 83.0301742553711, "64700.0": 82.90524291992188, "64800.0": 82.28934478759766, "64900.0": 82.30130004882812, "65000.0": 82.28524017333984, "65100.0": 82.25248718261719, "65200.0": 81.91223907470703, "65300.0": 81.9838638305664, "65400.0": 81.88128662109375, "65500.0": 81.77876281738281, "65600.0": 82.61253356933594, "65700.0": 82.05201721191406, "65800.0": 82.59407043457031, "65900.0": 82.55189514160156, "66000.0": 82.5838394165039, "66100.0": 83.05279541015625, "66200.0": 82.62053680419922, "66300.0": 82.12667846679688, "66400.0": 81.57192993164062, "66500.0": 81.8569107055664, "66600.0": 82.41227722167969, "66700.0": 82.4574203491211, "66800.0": 82.84442901611328,