{"40000.0": 84.98300170898438, "40100.0": 84.35113525390625, "40200.0": 83.60700988769531, "40300.0": 83.80184936523438, "40400.0": 83.8016586303711, "40500.0": 83.17835998535156, "40600.0": 84.28404235839844, "40700.0": 84.2213363647461, "40800.0": 83.10204315185547, "40900.0": 83.4377212524414, "41000.0": 83.37210083007812, "41100.0": 83.94461822509766, "41200.0": 84.19728088378906, "41300.0": 83.91061401367188, "41400.0": 84.3974609375, "41500.0": 84.05903625488281, "41600.0": 83.64818572998047, "41700.0": 83.57571411132812, "41800.0": 83.79234313964844, "41900.0": 84.30757141113281, "42000.0": 84.73983001708984, "42100.0": 83.58201599121094, "42200.0": 84.19573974609375, "42300.0": 83.29969787597656, "42400.0": 82.748046875, "42500.0": 83.36251068115234, "42600.0": 82.78804016113281, "42700.0": 83.33362579345703, "42800.0": 83.52268981933594, "42900.0": 83.69088745117188, "43000.0": 83.68889617919922, "43100.0": 82.81806182861328, "43200.0": 83.1266098022461, "43300.0": 83.06591033935547, "43400.0": 83.18386840820312, "43500.0": 83.05427551269531, "43600.0": 82.9170150756836, "43700.0": 83.14148712158203, "43800.0": 82.74484252929688, "43900.0": 83.58940124511719, "44000.0": 83.37905883789062, "44100.0": 83.04049682617188, "44200.0": 82.21957397460938, "44300.0": 82.69791412353516, "44400.0": 82.77932739257812, "44500.0": 82.46357727050781, "44600.0": 83.44230651855469, "44700.0": 83.77250671386719, "44800.0": 82.72244262695312, "44900.0": 83.78274536132812, "45000.0": 83.66259765625, "45100.0": 83.58209228515625, "45200.0": 83.78582000732422, "45300.0": 84.34341430664062, "45400.0": 83.92526245117188, "45500.0": 83.87279510498047, "45600.0": 83.20347595214844, "45700.0": 83.64108276367188, "45800.0": 84.00437927246094, "45900.0": 84.43408203125, "46000.0": 84.29194641113281, "46100.0": 84.23219299316406, "46200.0": 84.06167602539062, "46300.0": 84.12152099609375, "46400.0": 83.43720245361328, "46500.0": 83.90731048583984, "46600.0": 83.50033569335938, "46700.0": 83.64533996582031, "46800.0": 83.7039566040039, "46900.0": 84.03852844238281, "47000.0": 83.26232147216797, "47100.0": 83.61603546142578, "47200.0": 83.76021575927734, "47300.0": 83.24020385742188, "47400.0": 84.06719207763672, "47500.0": 84.25717163085938, "47600.0": 83.78323364257812, "47700.0": 83.60079956054688, "47800.0": 83.76484680175781, "47900.0": 83.72332763671875, "48000.0": 83.63484191894531, "48100.0": 83.66456604003906, "48200.0": 83.4043197631836, "48300.0": 84.20134735107422, "48400.0": 83.76365661621094, "48500.0": 83.419677734375, "48600.0": 83.64604949951172, "48700.0": 84.48428344726562, "48800.0": 84.61006164550781, "48900.0": 84.75182342529297, "49000.0": 85.45414733886719, "49100.0": 85.13296508789062, "49200.0": 85.08268737792969, "49300.0": 84.54871368408203, "49400.0": 84.70257568359375, "49500.0": 84.40298461914062, "49600.0": 84.47476196289062, "49700.0": 84.59748077392578, "49800.0": 84.49188995361328, "49900.0": 84.42584991455078, "50000.0": 85.29364013671875, "50100.0": 84.69368743896484, "50200.0": 84.609375, "50300.0": 84.17953491210938, "50400.0": 84.65306091308594, "50500.0": 84.78130340576172, "50600.0": 84.64657592773438, "50700.0": 84.28326416015625, "50800.0": 84.79361724853516, "50900.0": 85.00453186035156, "51000.0": 84.53227233886719, "51100.0": 83.7485122680664, "51200.0": 84.37733459472656, "51300.0": 84.90963745117188, "51400.0": 84.92717742919922, "51500.0": 84.65097045898438, "51600.0": 85.41351318359375, "51700.0": 85.27519226074219, "51800.0": 85.18744659423828, "51900.0": 85.76575469970703, "52000.0": 85.18403625488281, "52100.0": 84.90093231201172, "52200.0": 84.64938354492188, "52300.0": 84.30194091796875, "52400.0": 84.3307876586914, "52500.0": 84.99038696289062, "52600.0": 84.40926361083984, "52700.0": 84.5475082397461, "52800.0": 84.78654479980469, "52900.0": 84.187744140625, "53000.0": 83.99700164794922, "53100.0": 83.9152603149414, "53200.0": 83.68545532226562, "53300.0": 84.37899780273438, "53400.0": 84.58592224121094, "53500.0": 85.08536529541016, "53600.0": 85.55648803710938, "53700.0": 86.12285614013672, "53800.0": 85.68649291992188, "53900.0": 85.4928970336914, "54000.0": 84.54582214355469, "54100.0": 84.3050765991211, "54200.0": 84.18135833740234, "54300.0": 84.59000396728516, "54400.0": 84.39845275878906, "54500.0": 84.53167724609375, "54600.0": 84.60079193115234, "54700.0": 83.2138900756836, "54800.0": 83.85853576660156, "54900.0": 83.70429992675781, "55000.0": 83.33805847167969, "55100.0": 82.84648895263672, "55200.0": 82.47660827636719, "55300.0": 82.51084899902344, "55400.0": 82.8309555053711, "55500.0": 83.16163635253906, "55600.0": 83.27925109863281, "55700.0": 83.18023681640625, "55800.0": 83.25392150878906, "55900.0": 83.38578033447266, "56000.0": 82.98052978515625, "56100.0": 83.71880340576172, "56200.0": 83.84972381591797, "56300.0": 83.29176330566406, "56400.0": 82.68597412109375, "56500.0": 83.30548095703125, "56600.0": 83.71359252929688, "56700.0": 83.66285705566406, "56800.0": 83.23128509521484, "56900.0": 83.86389923095703, "57000.0": 83.22183227539062, "57100.0": 83.2270736694336, "57200.0": 82.75841522216797, "57300.0": 82.26805877685547, "57400.0": 82.56417083740234, "57500.0": 82.83590698242188, "57600.0": 82.7432861328125, "57700.0": 83.29924774169922, "57800.0": 82.81277465820312, "57900.0": 84.07241821289062, "58000.0": 83.23414611816406, "58100.0": 82.67256927490234, "58200.0": 82.79624938964844, "58300.0": 83.29728698730469, "58400.0": 82.73085021972656, "58500.0": 82.9404296875, "58600.0": 82.32539367675781, "58700.0": 82.21266174316406, "58800.0": 82.22799682617188, "58900.0": 81.55270385742188, "59000.0": 81.96208953857422, "59100.0": 82.6583251953125, "59200.0": 82.4574966430664, "59300.0": 82.57598876953125, "59400.0": 82.24209594726562, "59500.0": 81.64961242675781, "59600.0": 81.97737884521484, "59700.0": 82.76173400878906, "59800.0": 83.31368255615234, "59900.0": 83.0373306274414, "60000.0": 83.46141052246094, "60100.0": 83.17951202392578, "60200.0": 82.94132232666016, "60300.0": 82.94413757324219, "60400.0": 83.10661315917969, "60500.0": 83.244140625, "60600.0": 83.22864532470703, "60700.0": 83.5067367553711, "60800.0": 83.2212905883789, "60900.0": 83.64822387695312, "61000.0": 82.86048126220703, "61100.0": 82.8974838256836, "61200.0": 82.57079315185547, "61300.0": 82.80267333984375, "61400.0": 83.09497833251953, "61500.0": 82.77861785888672, "61600.0": 82.5514144897461, "61700.0": 83.19465637207031, "61800.0": 83.42346954345703, "61900.0": 83.25386047363281, "62000.0": 83.11613464355469, "62100.0": 82.95464324951172, "62200.0": 82.69047546386719, "62300.0": 83.02781677246094, "62400.0": 82.72749328613281, "62500.0": 82.85950469970703, "62600.0": 83.39155578613281, "62700.0": 83.76506042480469, "62800.0": 83.81388854980469, "62900.0": 82.89765167236328, "63000.0": 83.97311401367188, "63100.0": 84.1789321899414, "63200.0": 83.99360656738281, "63300.0": 84.52932739257812, "63400.0": 84.24605560302734, "63500.0": 84.00103759765625, "63600.0": 83.24313354492188, "63700.0": 84.0193862915039, "63800.0": 83.73687744140625, "63900.0": 83.9907455444336, "64000.0": 83.56977844238281, "64100.0": 84.23480224609375, "64200.0": 84.36125946044922, "64300.0": 83.8987808227539, "64400.0": 84.12660217285156, "64500.0": 84.02236938476562, "64600.0": 84.39918518066406, "64700.0": 83.94817352294922, "64800.0": 83.78943634033203, "64900.0": 83.6673812866211, "65000.0": 83.68222045898438, "65100.0": 84.09333038330078, "65200.0": 83.24429321289062, "65300.0": 83.35081481933594, "65400.0": 83.91415405273438, "65500.0": 83.7484359741211, "65600.0": 83.78274536132812, "65700.0": 83.51559448242188, "65800.0": 84.08354187011719, "65900.0": 83.99056243896484, "66000.0": 83.91645812988281, "66100.0": 84.00939178466797, "66200.0": 83.9377212524414, "66300.0": 84.54906463623047, "66400.0": 85.04969787597656, "66500.0": 84.03839111328125, "66600.0": 84.57411193847656, "66700.0": 84.05220794677734,