{"40000.0": 82.60353088378906, "40100.0": 81.67071533203125, "40200.0": 81.957763671875, "40300.0": 82.45333862304688, "40400.0": 82.03929901123047, "40500.0": 82.63998413085938, "40600.0": 82.29254150390625, "40700.0": 81.85064697265625, "40800.0": 81.98652648925781, "40900.0": 81.70536804199219, "41000.0": 81.92562103271484, "41100.0": 82.64899444580078, "41200.0": 82.33264923095703, "41300.0": 81.97742462158203, "41400.0": 82.3203125, "41500.0": 83.55503845214844, "41600.0": 83.36348724365234, "41700.0": 82.8948974609375, "41800.0": 82.11785888671875, "41900.0": 82.36384582519531, "42000.0": 82.32968139648438, "42100.0": 81.6276626586914, "42200.0": 82.06722259521484, "42300.0": 81.04466247558594, "42400.0": 80.91671752929688, "42500.0": 81.40138244628906, "42600.0": 81.16064453125, "42700.0": 81.67295837402344, "42800.0": 82.07255554199219, "42900.0": 81.55024719238281, "43000.0": 81.53919982910156, "43100.0": 81.58133697509766, "43200.0": 80.95782470703125, "43300.0": 81.29652404785156, "43400.0": 81.86278533935547, "43500.0": 82.0816650390625, "43600.0": 81.99925231933594, "43700.0": 82.50112915039062, "43800.0": 82.214599609375, "43900.0": 82.61225891113281, "44000.0": 82.86065673828125, "44100.0": 82.16625213623047, "44200.0": 82.04109191894531, "44300.0": 81.4625473022461, "44400.0": 81.50562286376953, "44500.0": 82.04253387451172, "44600.0": 82.05160522460938, "44700.0": 81.10211181640625, "44800.0": 81.55938720703125, "44900.0": 81.2265396118164, "45000.0": 80.73069763183594, "45100.0": 81.01314544677734, "45200.0": 81.5841064453125, "45300.0": 80.72160339355469, "45400.0": 81.26260375976562, "45500.0": 81.02893829345703, "45600.0": 80.32523345947266, "45700.0": 80.8506851196289, "45800.0": 80.94708251953125, "45900.0": 81.50660705566406, "46000.0": 81.71111297607422, "46100.0": 82.57608032226562, "46200.0": 82.38788604736328, "46300.0": 81.91778564453125, "46400.0": 80.99417114257812, "46500.0": 81.42152404785156, "46600.0": 82.24772644042969, "46700.0": 81.5114517211914, "46800.0": 81.61288452148438, "46900.0": 81.17657470703125, "47000.0": 81.09520721435547, "47100.0": 81.53610229492188, "47200.0": 81.54808807373047, "47300.0": 81.65111541748047, "47400.0": 81.47317504882812, "47500.0": 81.7942123413086, "47600.0": 81.95904541015625, "47700.0": 81.96394348144531, "47800.0": 81.93665313720703, "47900.0": 81.78588104248047, "48000.0": 81.65003967285156, "48100.0": 82.20188903808594, "48200.0": 82.25587463378906, "48300.0": 82.04234313964844, "48400.0": 82.36061096191406, "48500.0": 81.38912963867188, "48600.0": 82.40742492675781, "48700.0": 82.3007583618164, "48800.0": 82.58538055419922, "48900.0": 82.554931640625, "49000.0": 82.28514862060547, "49100.0": 82.360107421875, "49200.0": 82.48818969726562, "49300.0": 82.83653259277344, "49400.0": 82.67677307128906, "49500.0": 82.63523864746094, "49600.0": 82.76264190673828, "49700.0": 82.48053741455078, "49800.0": 82.74593353271484, "49900.0": 82.58979034423828, "50000.0": 82.75453186035156, "50100.0": 82.64889526367188, "50200.0": 82.7061538696289, "50300.0": 83.27415466308594, "50400.0": 82.16606903076172, "50500.0": 82.86495971679688, "50600.0": 83.53425598144531, "50700.0": 84.44137573242188, "50800.0": 84.23294067382812, "50900.0": 83.7002182006836, "51000.0": 83.83892059326172, "51100.0": 84.42672729492188, "51200.0": 84.70558166503906, "51300.0": 83.87177276611328, "51400.0": 83.48878479003906, "51500.0": 83.42426300048828, "51600.0": 83.76689910888672, "51700.0": 84.18772888183594, "51800.0": 82.81444549560547, "51900.0": 82.47398376464844, "52000.0": 82.46348571777344, "52100.0": 81.9517822265625, "52200.0": 81.97631072998047, "52300.0": 81.9187240600586, "52400.0": 82.39187622070312, "52500.0": 82.66197967529297, "52600.0": 83.00269317626953, "52700.0": 83.28543090820312, "52800.0": 82.85216522216797, "52900.0": 83.12179565429688, "53000.0": 82.84967041015625, "53100.0": 83.23262023925781, "53200.0": 82.73410034179688, "53300.0": 82.56156158447266, "53400.0": 82.70420837402344, "53500.0": 82.31727600097656, "53600.0": 83.06244659423828, "53700.0": 83.072509765625, "53800.0": 83.16554260253906, "53900.0": 83.38336944580078, "54000.0": 82.09969329833984, "54100.0": 82.46346282958984, "54200.0": 82.52513885498047, "54300.0": 82.21897888183594, "54400.0": 81.76396179199219, "54500.0": 81.54226684570312, "54600.0": 81.54086303710938, "54700.0": 82.03739166259766, "54800.0": 81.64834594726562, "54900.0": 82.03469848632812, "55000.0": 82.12596893310547, "55100.0": 82.03543090820312, "55200.0": 82.38854217529297, "55300.0": 81.84512329101562, "55400.0": 82.40626525878906, "55500.0": 82.23551940917969, "55600.0": 81.7881088256836, "55700.0": 81.19300842285156, "55800.0": 81.54872131347656, "55900.0": 81.13739776611328, "56000.0": 81.38211059570312, "56100.0": 81.67644500732422, "56200.0": 81.92143249511719, "56300.0": 81.33734130859375, "56400.0": 81.11555480957031, "56500.0": 81.14640808105469, "56600.0": 81.22412109375, "56700.0": 81.05751037597656, "56800.0": 81.38572692871094, "56900.0": 80.33747863769531, "57000.0": 81.17601013183594, "57100.0": 80.9926986694336, "57200.0": 80.69131469726562, "57300.0": 80.48240661621094, "57400.0": 80.10384368896484, "57500.0": 80.8270263671875, "57600.0": 81.34544372558594, "57700.0": 81.47883605957031, "57800.0": 81.38626098632812, "57900.0": 80.75028228759766, "58000.0": 80.33143615722656, "58100.0": 80.7811279296875, "58200.0": 80.97586822509766, "58300.0": 81.43882751464844, "58400.0": 81.89717102050781, "58500.0": 81.55796813964844, "58600.0": 81.50811004638672, "58700.0": 81.04289245605469, "58800.0": 80.7022705078125, "58900.0": 81.0658187866211, "59000.0": 81.51274108886719, "59100.0": 81.20252990722656, "59200.0": 81.12137603759766, "59300.0": 80.52127075195312, "59400.0": 80.60734558105469, "59500.0": 79.77076721191406, "59600.0": 80.49994659423828, "59700.0": 80.83190155029297, "59800.0": 80.77635955810547, "59900.0": 80.68014526367188, "60000.0": 80.36851501464844, "60100.0": 80.76036071777344, "60200.0": 79.95960998535156, "60300.0": 80.610107421875, "60400.0": 81.12357330322266, "60500.0": 81.24649047851562, "60600.0": 82.24649047851562, "60700.0": 81.97777557373047, "60800.0": 81.9411392211914, "60900.0": 82.17057800292969, "61000.0": 82.12680053710938, "61100.0": 82.57188415527344, "61200.0": 81.38008880615234, "61300.0": 81.47068786621094, "61400.0": 81.0054702758789, "61500.0": 81.04731750488281, "61600.0": 80.96673583984375, "61700.0": 80.88733673095703, "61800.0": 80.7119369506836, "61900.0": 80.16795349121094, "62000.0": 79.69306945800781, "62100.0": 80.02717590332031, "62200.0": 80.41985321044922, "62300.0": 80.13886260986328, "62400.0": 80.80963134765625, "62500.0": 81.26612854003906, "62600.0": 80.89087677001953, "62700.0": 81.32849884033203, "62800.0": 80.6412124633789, "62900.0": 80.91377258300781, "63000.0": 80.64183044433594, "63100.0": 81.47901916503906, "63200.0": 81.93482208251953, "63300.0": 81.75361633300781, "63400.0": 81.47323608398438, "63500.0": 81.15142059326172, "63600.0": 81.15547180175781, "63700.0": 80.44801330566406, "63800.0": 80.85951232910156, "63900.0": 81.68997192382812, "64000.0": 80.99608612060547, "64100.0": 81.38534545898438, "64200.0": 80.78269958496094, "64300.0": 81.12991333007812, "64400.0": 81.00769805908203, "64500.0": 80.76774597167969, "64600.0": 80.58332824707031, "64700.0": 80.56910705566406, "64800.0": 81.14327239990234, "64900.0": 81.097900390625, "65000.0": 80.48086547851562, "65100.0": 81.0196304321289, "65200.0": 80.61287689208984, "65300.0": 81.25069427490234, "65400.0": 80.37356567382812, "65500.0": 81.24321746826172, "65600.0": 80.70304107666016, "65700.0": 80.36576843261719, "65800.0": 80.26303100585938, "65900.0": 79.88804626464844, "66000.0": 80.13458251953125, "66100.0": 80.9225082397461, "66200.0": 80.69083404541016, "66300.0": 80.41197204589844, "66400.0": 80.49090576171875, "66500.0": 80.57925415039062, "66600.0": 80.0700454711914, "66700.0": 79.49089813232422,