{"70000.0": 82.07909393310547, "70100.0": 82.03343200683594, "70200.0": 81.61099243164062, "70300.0": 82.38143920898438, "70400.0": 82.94111633300781, "70500.0": 82.28519439697266, "70600.0": 82.59745788574219, "70700.0": 82.4058609008789, "70800.0": 82.05717468261719, "70900.0": 81.97386932373047, "71000.0": 81.82083129882812, "71100.0": 81.78744506835938, "71200.0": 81.36312866210938, "71300.0": 80.79107666015625, "71400.0": 81.26593017578125, "71500.0": 80.99800109863281, "71600.0": 80.85608673095703, "71700.0": 80.86505126953125, "71800.0": 81.24007415771484, "71900.0": 81.26261901855469, "72000.0": 82.13939666748047, "72100.0": 81.17155456542969, "72200.0": 82.02297973632812, "72300.0": 82.46696472167969, "72400.0": 82.75991821289062, "72500.0": 82.4149398803711, "72600.0": 82.19692993164062, "72700.0": 81.861328125, "72800.0": 82.08312225341797, "72900.0": 82.2667007446289, "73000.0": 81.67670440673828, "73100.0": 82.04049682617188, "73200.0": 81.27969360351562, "73300.0": 81.21607971191406, "73400.0": 81.80171966552734, "73500.0": 81.34693145751953, "73600.0": 81.12310791015625, "73700.0": 81.50553894042969, "73800.0": 81.8666000366211, "73900.0": 81.99677276611328, "74000.0": 81.69139099121094, "74100.0": 81.99221801757812, "74200.0": 82.31915283203125, "74300.0": 82.07157135009766, "74400.0": 81.99647521972656, "74500.0": 81.40841674804688, "74600.0": 81.59318542480469, "74700.0": 81.01546478271484, "74800.0": 81.58573913574219, "74900.0": 81.7713623046875, "75000.0": 82.74264526367188, "75100.0": 82.98341369628906, "75200.0": 81.98130798339844, "75300.0": 82.49638366699219, "75400.0": 82.23664093017578, "75500.0": 82.33955383300781, "75600.0": 82.11619567871094, "75700.0": 81.75765228271484, "75800.0": 83.02352142333984, "75900.0": 82.77899932861328, "76000.0": 82.88033294677734, "76100.0": 82.43759155273438, "76200.0": 82.64603424072266, "76300.0": 82.83718872070312, "76400.0": 83.04289245605469, "76500.0": 83.04377746582031, "76600.0": 82.73550415039062, "76700.0": 83.31732940673828, "76800.0": 82.99090576171875, "76900.0": 83.06008911132812, "77000.0": 82.92510986328125, "77100.0": 82.60391998291016, "77200.0": 83.09906768798828, "77300.0": 83.14427185058594, "77400.0": 82.59529113769531, "77500.0": 82.26556396484375, "77600.0": 83.38348388671875, "77700.0": 83.59590148925781, "77800.0": 84.17233276367188, "77900.0": 83.95053100585938, "78000.0": 84.07200622558594, "78100.0": 84.21401977539062, "78200.0": 83.94615173339844, "78300.0": 83.75950622558594, "78400.0": 83.8472671508789, "78500.0": 83.73690795898438, "78600.0": 83.83174896240234, "78700.0": 84.51175689697266, "78800.0": 84.22041320800781, "78900.0": 84.46114349365234, "79000.0": 84.23233032226562, "79100.0": 84.95601654052734, "79200.0": 83.61747741699219, "79300.0": 83.79756164550781, "79400.0": 83.63311767578125, "79500.0": 83.24876403808594, "79600.0": 82.83939361572266, "79700.0": 82.980712890625, "79800.0": 82.52186584472656, "79900.0": 82.74781036376953, "80000.0": 82.60527801513672, "80100.0": 82.2108383178711, "80200.0": 82.46719360351562, "80300.0": 81.8028564453125, "80400.0": 82.2392578125, "80500.0": 81.62555694580078, "80600.0": 82.15350341796875, "80700.0": 82.12966918945312, "80800.0": 81.58424377441406, "80900.0": 81.82449340820312, "81000.0": 82.52273559570312, "81100.0": 81.94966125488281, "81200.0": 81.59193420410156, "81300.0": 82.50672912597656, "81400.0": 81.95507049560547, "81500.0": 81.67948913574219, "81600.0": 81.80459594726562, "81700.0": 82.05326080322266, "81800.0": 81.95655822753906, "81900.0": 82.0828857421875, "82000.0": 82.55116271972656, "82100.0": 82.94448852539062, "82200.0": 81.6790771484375, "82300.0": 81.8003158569336, "82400.0": 82.19445037841797, "82500.0": 82.24168395996094, "82600.0": 81.99591827392578, "82700.0": 81.68084716796875, "82800.0": 81.71440124511719, "82900.0": 81.8674545288086, "83000.0": 82.36786651611328, "83100.0": 82.51143646240234, "83200.0": 81.6650390625, "83300.0": 82.06851196289062, "83400.0": 82.4510498046875, "83500.0": 82.37381744384766, "83600.0": 82.51931762695312, "83700.0": 81.89979553222656, "83800.0": 82.39856719970703, "83900.0": 82.5014877319336, "84000.0": 82.19902038574219, "84100.0": 82.1048583984375, "84200.0": 81.80123138427734, "84300.0": 81.66160583496094, "84400.0": 82.38444519042969, "84500.0": 82.41522216796875, "84600.0": 81.23027038574219, "84700.0": 81.48661804199219, "84800.0": 82.1011962890625, "84900.0": 82.48236846923828, "85000.0": 81.68479919433594, "85100.0": 81.64834594726562, "85200.0": 81.58053588867188, "85300.0": 81.88594055175781, "85400.0": 82.4625244140625, "85500.0": 81.74916076660156, "85600.0": 81.65528106689453, "85700.0": 81.36016082763672, "85800.0": 80.61082458496094, "85900.0": 81.43397521972656, "86000.0": 81.29818725585938, "86100.0": 80.98542022705078, "86200.0": 79.9619140625, "86300.0": 81.3719482421875, "86400.0": 80.96910095214844, "86500.0": 81.31552124023438, "86600.0": 82.28814697265625, "86700.0": 81.3017578125, "86800.0": 81.05223846435547, "86900.0": 81.49734497070312, "87000.0": 81.35364532470703, "87100.0": 81.35858154296875, "87200.0": 81.91085052490234, "87300.0": 82.36214447021484, "87400.0": 82.23139953613281, "87500.0": 82.40082550048828, "87600.0": 81.71307373046875, "87700.0": 82.44483947753906, "87800.0": 81.92919921875, "87900.0": 82.38836669921875, "88000.0": 82.74063873291016, "88100.0": 81.9990234375, "88200.0": 81.935791015625, "88300.0": 81.78788757324219, "88400.0": 81.77544403076172, "88500.0": 81.79562377929688, "88600.0": 82.06930541992188, "88700.0": 81.46322631835938, "88800.0": 80.96332550048828, "88900.0": 81.43556213378906, "89000.0": 81.12178039550781, "89100.0": 81.64997100830078, "89200.0": 81.48095703125, "89300.0": 81.018798828125, "89400.0": 81.0992431640625, "89500.0": 80.61112976074219, "89600.0": 80.70331573486328, "89700.0": 81.75120544433594, "89800.0": 81.9381103515625, "89900.0": 81.88368225097656, "90000.0": 81.87760925292969, "90100.0": 82.20050811767578, "90200.0": 81.34158325195312, "90300.0": 80.99158477783203, "90400.0": 81.0194320678711, "90500.0": 81.330810546875, "90600.0": 81.64661407470703, "90700.0": 81.70677185058594, "90800.0": 82.75227355957031, "90900.0": 81.7909927368164, "91000.0": 82.06722259521484, "91100.0": 81.65328979492188, "91200.0": 81.7319564819336, "91300.0": 81.90660095214844, "91400.0": 81.16372680664062, "91500.0": 82.01167297363281, "91600.0": 82.13224792480469, "91700.0": 82.44757843017578, "91800.0": 82.45925903320312, "91900.0": 81.8900146484375, "92000.0": 81.7071533203125, "92100.0": 81.15687561035156, "92200.0": 80.89676666259766, "92300.0": 81.38404846191406, "92400.0": 81.44139099121094, "92500.0": 80.97068786621094, "92600.0": 81.36071014404297, "92700.0": 81.17987823486328, "92800.0": 80.66587829589844, "92900.0": 80.79884338378906, "93000.0": 80.16740417480469, "93100.0": 80.97308349609375, "93200.0": 80.8718032836914, "93300.0": 80.99994659423828, "93400.0": 81.35516357421875, "93500.0": 82.3006362915039, "93600.0": 82.59062957763672, "93700.0": 82.51890563964844, "93800.0": 82.49393463134766, "93900.0": 82.15351104736328, "94000.0": 81.91788482666016, "94100.0": 82.1554183959961, "94200.0": 82.22662353515625, "94300.0": 81.99374389648438, "94400.0": 81.81362915039062, "94500.0": 81.88871765136719, "94600.0": 81.48971557617188, "94700.0": 81.57402801513672, "94800.0": 81.48863983154297, "94900.0": 81.4625244140625, "95000.0": 81.88774871826172, "95100.0": 81.82267761230469, "95200.0": 81.30247497558594, "95300.0": 81.94107818603516, "95400.0": 81.36917877197266, "95500.0": 82.28608703613281, "95600.0": 81.22638702392578, "95700.0": 81.15928649902344, "95800.0": 80.47386932373047, "95900.0": 80.56242370605469, "96000.0": 79.91263580322266, "96100.0": 81.24543762207031, "96200.0": 80.96183776855469, "96300.0": 81.84425354003906, "96400.0": 81.80926513671875, "96500.0": 81.19845581054688, "96600.0": 80.83304595947266, "96700.0": 81.3004150390625,