{"40000.0": 83.31658172607422, "40100.0": 84.75532531738281, "40200.0": 84.41478729248047, "40300.0": 83.4322738647461, "40400.0": 83.11366271972656, "40500.0": 83.91244506835938, "40600.0": 83.91060638427734, "40700.0": 83.33822631835938, "40800.0": 82.55003356933594, "40900.0": 83.00818634033203, "41000.0": 83.40310668945312, "41100.0": 84.22286224365234, "41200.0": 84.30846405029297, "41300.0": 84.7323226928711, "41400.0": 83.8089370727539, "41500.0": 84.6034164428711, "41600.0": 84.29893493652344, "41700.0": 84.66534423828125, "41800.0": 84.4691162109375, "41900.0": 83.98492431640625, "42000.0": 84.70527648925781, "42100.0": 84.71846771240234, "42200.0": 84.55016326904297, "42300.0": 84.45316314697266, "42400.0": 84.16331481933594, "42500.0": 84.50120544433594, "42600.0": 84.33297729492188, "42700.0": 83.90719604492188, "42800.0": 83.95576477050781, "42900.0": 83.90090942382812, "43000.0": 83.93791198730469, "43100.0": 83.74115753173828, "43200.0": 83.86279296875, "43300.0": 83.52418518066406, "43400.0": 83.78652954101562, "43500.0": 84.24984741210938, "43600.0": 84.12140655517578, "43700.0": 83.85482788085938, "43800.0": 84.23545837402344, "43900.0": 84.71548461914062, "44000.0": 84.3966293334961, "44100.0": 84.17050170898438, "44200.0": 84.28791046142578, "44300.0": 83.65666198730469, "44400.0": 83.807373046875, "44500.0": 83.82392120361328, "44600.0": 84.45404815673828, "44700.0": 84.62113952636719, "44800.0": 84.80136108398438, "44900.0": 84.73587799072266, "45000.0": 85.19947052001953, "45100.0": 84.69393920898438, "45200.0": 84.22306060791016, "45300.0": 83.52723693847656, "45400.0": 83.57118225097656, "45500.0": 83.07492065429688, "45600.0": 82.89165496826172, "45700.0": 83.99443054199219, "45800.0": 83.5367660522461, "45900.0": 83.32872009277344, "46000.0": 82.82310485839844, "46100.0": 83.11711120605469, "46200.0": 83.45558166503906, "46300.0": 83.93363189697266, "46400.0": 83.4256820678711, "46500.0": 84.29216003417969, "46600.0": 84.18888854980469, "46700.0": 83.3470458984375, "46800.0": 83.11341857910156, "46900.0": 82.8635025024414, "47000.0": 82.5186538696289, "47100.0": 82.87319946289062, "47200.0": 83.45291900634766, "47300.0": 83.46763610839844, "47400.0": 83.63506317138672, "47500.0": 83.33130645751953, "47600.0": 83.11076354980469, "47700.0": 83.1473159790039, "47800.0": 82.80699920654297, "47900.0": 83.19703674316406, "48000.0": 83.24337005615234, "48100.0": 83.29130554199219, "48200.0": 83.0721435546875, "48300.0": 83.36951446533203, "48400.0": 83.23017883300781, "48500.0": 83.58503723144531, "48600.0": 84.02029418945312, "48700.0": 83.29301452636719, "48800.0": 84.06358337402344, "48900.0": 83.64002990722656, "49000.0": 84.19945526123047, "49100.0": 83.92813110351562, "49200.0": 83.77686309814453, "49300.0": 83.21218872070312, "49400.0": 83.8570556640625, "49500.0": 84.1058349609375, "49600.0": 84.46521759033203, "49700.0": 84.13227844238281, "49800.0": 84.01771545410156, "49900.0": 84.69786834716797, "50000.0": 84.47600555419922, "50100.0": 84.28154754638672, "50200.0": 84.09722900390625, "50300.0": 84.3311767578125, "50400.0": 85.16987609863281, "50500.0": 84.44603729248047, "50600.0": 84.769287109375, "50700.0": 84.49046325683594, "50800.0": 84.64298248291016, "50900.0": 84.55963897705078, "51000.0": 83.93766784667969, "51100.0": 83.74244689941406, "51200.0": 83.52200317382812, "51300.0": 82.9520034790039, "51400.0": 83.20156860351562, "51500.0": 84.49122619628906, "51600.0": 84.12312316894531, "51700.0": 84.14527130126953, "51800.0": 83.78528594970703, "51900.0": 83.652099609375, "52000.0": 82.65328979492188, "52100.0": 81.61306762695312, "52200.0": 82.28172302246094, "52300.0": 82.12252807617188, "52400.0": 82.30850219726562, "52500.0": 82.21332550048828, "52600.0": 81.99688720703125, "52700.0": 82.13742065429688, "52800.0": 81.71746826171875, "52900.0": 83.11608123779297, "53000.0": 82.51244354248047, "53100.0": 82.36627197265625, "53200.0": 82.46257781982422, "53300.0": 82.44083404541016, "53400.0": 82.25564575195312, "53500.0": 81.76115417480469, "53600.0": 82.69462585449219, "53700.0": 83.17872619628906, "53800.0": 83.26179504394531, "53900.0": 83.18670654296875, "54000.0": 83.46371459960938, "54100.0": 83.05836486816406, "54200.0": 83.49398803710938, "54300.0": 83.0819091796875, "54400.0": 83.25802612304688, "54500.0": 83.148681640625, "54600.0": 83.20755767822266, "54700.0": 83.31511688232422, "54800.0": 83.23800659179688, "54900.0": 82.46577453613281, "55000.0": 83.03822326660156, "55100.0": 82.83230590820312, "55200.0": 83.10215759277344, "55300.0": 82.8175048828125, "55400.0": 82.16706848144531, "55500.0": 82.40349578857422, "55600.0": 82.49732971191406, "55700.0": 81.75909423828125, "55800.0": 82.48076629638672, "55900.0": 81.8363265991211, "56000.0": 82.72978973388672, "56100.0": 81.96304321289062, "56200.0": 81.63031005859375, "56300.0": 82.74217224121094, "56400.0": 82.38507080078125, "56500.0": 81.73307800292969, "56600.0": 81.939697265625, "56700.0": 82.35780334472656, "56800.0": 82.3221206665039, "56900.0": 81.73534393310547, "57000.0": 82.22978210449219, "57100.0": 82.10094451904297, "57200.0": 81.78321838378906, "57300.0": 82.04400634765625, "57400.0": 82.11329650878906, "57500.0": 82.25959777832031, "57600.0": 83.0965347290039, "57700.0": 82.72962951660156, "57800.0": 83.18012237548828, "57900.0": 83.12818908691406, "58000.0": 83.0404052734375, "58100.0": 82.74212646484375, "58200.0": 82.59597778320312, "58300.0": 82.8067626953125, "58400.0": 83.72173309326172, "58500.0": 83.5574722290039, "58600.0": 84.20401000976562, "58700.0": 83.49382019042969, "58800.0": 82.68898010253906, "58900.0": 83.11219787597656, "59000.0": 83.4180908203125, "59100.0": 83.1294174194336, "59200.0": 82.9521484375, "59300.0": 83.5457992553711, "59400.0": 84.4072036743164, "59500.0": 83.60060119628906, "59600.0": 83.38958740234375, "59700.0": 84.33650970458984, "59800.0": 84.26214599609375, "59900.0": 83.20525360107422, "60000.0": 83.99300384521484, "60100.0": 83.5586929321289, "60200.0": 82.85694885253906, "60300.0": 83.51896667480469, "60400.0": 84.04270935058594, "60500.0": 83.45528411865234, "60600.0": 84.20982360839844, "60700.0": 84.16061401367188, "60800.0": 83.42994689941406, "60900.0": 83.57758331298828, "61000.0": 84.09901428222656, "61100.0": 83.58245849609375, "61200.0": 84.04511260986328, "61300.0": 83.1637954711914, "61400.0": 82.99884033203125, "61500.0": 82.97724914550781, "61600.0": 83.17607879638672, "61700.0": 83.60693359375, "61800.0": 83.33653259277344, "61900.0": 83.4671630859375, "62000.0": 83.56324005126953, "62100.0": 82.91282653808594, "62200.0": 83.47980499267578, "62300.0": 83.33241271972656, "62400.0": 83.1092529296875, "62500.0": 82.56989288330078, "62600.0": 82.26375579833984, "62700.0": 81.49787139892578, "62800.0": 81.4472885131836, "62900.0": 82.15477752685547, "63000.0": 82.91505432128906, "63100.0": 82.12128448486328, "63200.0": 82.08291625976562, "63300.0": 82.42244720458984, "63400.0": 81.910888671875, "63500.0": 82.69694519042969, "63600.0": 82.44830322265625, "63700.0": 82.74301147460938, "63800.0": 82.52755737304688, "63900.0": 82.54927062988281, "64000.0": 82.2147445678711, "64100.0": 81.9468765258789, "64200.0": 82.49974060058594, "64300.0": 83.06510925292969, "64400.0": 83.00222778320312, "64500.0": 83.6053466796875, "64600.0": 83.37773132324219, "64700.0": 83.15640258789062, "64800.0": 83.79783630371094, "64900.0": 82.98877716064453, "65000.0": 83.75352478027344, "65100.0": 83.68428039550781, "65200.0": 83.89614868164062, "65300.0": 83.56147766113281, "65400.0": 83.96904754638672, "65500.0": 82.81189727783203, "65600.0": 83.34595489501953, "65700.0": 83.95333099365234, "65800.0": 83.64212036132812, "65900.0": 83.40771484375, "66000.0": 83.139404296875, "66100.0": 83.11347198486328, "66200.0": 82.54032897949219, "66300.0": 82.56544494628906, "66400.0": 83.02184295654297, "66500.0": 83.40693664550781, "66600.0": 83.4114761352539, "66700.0": 83.4078140258789,