{"200000.0": 89.02870178222656, "200020.0": 88.67041778564453, "200040.0": 88.09840393066406, "200060.0": 88.87200164794922, "200080.0": 88.80988311767578, "200100.0": 88.34463500976562, "200120.0": 87.10188293457031, "200140.0": 87.86932373046875, "200160.0": 87.97579956054688, "200180.0": 87.5833969116211, "200200.0": 88.57093811035156, "200220.0": 88.80126190185547, "200240.0": 88.67240905761719, "200260.0": 87.87545776367188, "200280.0": 87.36360168457031, "200300.0": 88.19134521484375, "200320.0": 89.08866119384766, "200340.0": 89.331298828125, "200360.0": 89.63677978515625, "200380.0": 88.41172790527344, "200400.0": 87.24920654296875, "200420.0": 88.51780700683594, "200440.0": 87.96739196777344, "200460.0": 87.9435806274414, "200480.0": 86.52601623535156, "200500.0": 88.06519317626953, "200520.0": 88.17890930175781, "200540.0": 88.49015045166016, "200560.0": 89.21530151367188, "200580.0": 89.40609741210938, "200600.0": 89.30364990234375, "200620.0": 88.88554382324219, "200640.0": 88.6759262084961, "200660.0": 88.93250274658203, "200680.0": 89.57075500488281, "200700.0": 88.37484741210938, "200720.0": 89.79876708984375, "200740.0": 89.00997924804688, "200760.0": 90.64851379394531, "200780.0": 90.41828918457031, "200800.0": 90.15374755859375, "200820.0": 89.92034149169922, "200840.0": 89.94694519042969, "200860.0": 90.9474105834961, "200880.0": 90.09544372558594, "200900.0": 89.9266128540039, "200920.0": 90.87775421142578, "200940.0": 90.11991882324219, "200960.0": 90.27810668945312, "200980.0": 89.81586456298828, "201000.0": 90.36827850341797, "201020.0": 90.0698471069336, "201040.0": 90.06532287597656, "201060.0": 90.56339263916016, "201080.0": 91.17726135253906, "201100.0": 89.9639892578125, "201120.0": 90.98976135253906, "201140.0": 90.53832244873047, "201160.0": 91.15951538085938, "201180.0": 90.76567840576172, "201200.0": 91.4564437866211, "201220.0": 91.48948669433594, "201240.0": 91.36271667480469, "201260.0": 91.01882934570312, "201280.0": 91.46383666992188, "201300.0": 92.09475708007812, "201320.0": 90.73757934570312, "201340.0": 91.84390258789062, "201360.0": 90.3426742553711, "201380.0": 90.17765808105469, "201400.0": 90.17381286621094, "201420.0": 90.4451904296875, "201440.0": 90.14685821533203, "201460.0": 89.1465835571289, "201480.0": 90.15991973876953, "201500.0": 88.63501739501953, "201520.0": 89.29489135742188, "201540.0": 88.62739562988281, "201560.0": 89.11488342285156, "201580.0": 88.62741088867188, "201600.0": 90.11372375488281, "201620.0": 89.43254089355469, "201640.0": 88.83126068115234, "201660.0": 87.89310455322266, "201680.0": 88.62679290771484, "201700.0": 89.45977020263672, "201720.0": 89.65132904052734, "201740.0": 90.727294921875, "201760.0": 90.67874908447266, "201780.0": 90.21784973144531, "201800.0": 89.81625366210938, "201820.0": 90.0595703125, "201840.0": 89.26052856445312, "201860.0": 90.24418640136719, "201880.0": 89.9473876953125, "201900.0": 89.01327514648438, "201920.0": 89.54894256591797, "201940.0": 89.61483001708984, "201960.0": 89.81204223632812, "201980.0": 88.6576156616211, "202000.0": 88.8535385131836, "202020.0": 88.75850677490234, "202040.0": 88.80752563476562, "202060.0": 89.04690551757812, "202080.0": 90.12950897216797, "202100.0": 89.15536499023438, "202120.0": 89.060791015625}