{"100000.0": 88.6910171508789, "100010.0": 88.82452392578125, "100020.0": 88.92567443847656, "100030.0": 88.98089599609375, "100040.0": 89.11670684814453, "100050.0": 89.02310180664062, "100060.0": 88.83978271484375, "100070.0": 88.95831298828125, "100080.0": 89.34159851074219, "100090.0": 89.26185607910156, "100100.0": 89.2020492553711, "100110.0": 88.93107604980469, "100120.0": 88.74050903320312, "100130.0": 88.72962188720703, "100140.0": 89.04205322265625, "100150.0": 88.96090698242188, "100160.0": 89.08393859863281, "100170.0": 89.17440795898438, "100180.0": 89.31021118164062, "100190.0": 88.97402954101562, "100200.0": 88.72785949707031, "100210.0": 88.57147216796875, "100220.0": 88.48344421386719, "100230.0": 88.60993957519531, "100240.0": 88.71821594238281, "100250.0": 88.98292541503906, "100260.0": 88.85433959960938, "100270.0": 89.14908599853516, "100280.0": 89.07271575927734, "100290.0": 89.23735809326172, "100300.0": 89.18700408935547, "100310.0": 89.10154724121094, "100320.0": 89.20388793945312, "100330.0": 89.24861907958984, "100340.0": 89.21366882324219, "100350.0": 89.09827423095703, "100360.0": 88.71613311767578, "100370.0": 88.75614166259766, "100380.0": 88.66580963134766, "100390.0": 88.66297912597656, "100400.0": 88.95172882080078, "100410.0": 88.72758483886719, "100420.0": 88.55342864990234, "100430.0": 88.46144104003906, "100440.0": 88.4059066772461, "100450.0": 88.45094299316406, "100460.0": 88.43321228027344, "100470.0": 88.56700134277344, "100480.0": 88.85138702392578, "100490.0": 88.7773208618164, "100500.0": 88.86665344238281, "100510.0": 88.89647674560547, "100520.0": 89.05458068847656, "100530.0": 89.01603698730469, "100540.0": 89.03408813476562, "100550.0": 89.10324096679688, "100560.0": 89.06024169921875, "100570.0": 88.93562316894531, "100580.0": 88.67682647705078, "100590.0": 88.84593200683594, "100600.0": 88.61692810058594, "100610.0": 88.89620971679688, "100620.0": 89.02766418457031, "100630.0": 88.95388793945312, "100640.0": 88.94438171386719, "100650.0": 88.82984161376953, "100660.0": 88.61365509033203, "100670.0": 88.58077239990234, "100680.0": 88.53373718261719, "100690.0": 88.57974243164062, "100700.0": 88.53707885742188, "100710.0": 88.54666900634766, "100720.0": 88.68089294433594, "100730.0": 88.4466552734375, "100740.0": 88.5030288696289, "100750.0": 88.4139175415039, "100760.0": 88.17681121826172, "100770.0": 88.30902862548828, "100780.0": 88.34207153320312, "100790.0": 88.37910461425781, "100800.0": 88.34368896484375, "100810.0": 88.16542053222656, "100820.0": 88.33202362060547, "100830.0": 88.34911346435547, "100840.0": 88.3425064086914, "100850.0": 88.25846862792969, "100860.0": 88.25460815429688, "100870.0": 88.04466247558594, "100880.0": 88.20282745361328, "100890.0": 88.3170394897461, "100900.0": 88.38387298583984, "100910.0": 88.38631439208984, "100920.0": 88.43072509765625, "100930.0": 88.4999008178711, "100940.0": 88.81338500976562, "100950.0": 88.83157348632812, "100960.0": 88.55409240722656, "100970.0": 88.69670104980469, "100980.0": 88.8990707397461, "100990.0": 88.75294494628906, "101000.0": 88.77655029296875, "101010.0": 88.72071838378906, "101020.0": 88.52639770507812, "101030.0": 88.499267578125, "101040.0": 88.5303955078125, "101050.0": 88.49967956542969, "101060.0": 88.85221862792969, "101070.0": 88.76190948486328, "101080.0": 88.70388793945312, "101090.0": 88.78630065917969, "101100.0": 88.80728912353516, "101110.0": 89.00392150878906, "101120.0": 88.71882629394531, "101130.0": 88.78909301757812, "101140.0": 89.0328369140625, "101150.0": 89.20779418945312, "101160.0": 89.16236114501953, "101170.0": 89.025146484375, "101180.0": 89.09554290771484, "101190.0": 89.12672424316406, "101200.0": 88.98316192626953, "101210.0": 89.10502624511719, "101220.0": 88.9683609008789, "101230.0": 88.70600891113281, "101240.0": 88.52536010742188, "101250.0": 88.3531494140625, "101260.0": 88.21330261230469, "101270.0": 88.14956665039062, "101280.0": 88.0692138671875, "101290.0": 88.25149536132812, "101300.0": 88.01174926757812, "101310.0": 87.95841979980469, "101320.0": 87.88735961914062, "101330.0": 87.71416473388672, "101340.0": 87.7308578491211, "101350.0": 87.57594299316406, "101360.0": 87.48607635498047, "101370.0": 87.63797760009766, "101380.0": 87.78741455078125, "101390.0": 87.85706329345703, "101400.0": 87.93292236328125, "101410.0": 88.0165786743164, "101420.0": 88.2016830444336, "101430.0": 88.09225463867188, "101440.0": 88.06918334960938, "101450.0": 88.02642059326172, "101460.0": 88.18545532226562, "101470.0": 88.16966247558594, "101480.0": 88.19083404541016, "101490.0": 88.05854034423828, "101500.0": 88.13813018798828, "101510.0": 88.09173583984375, "101520.0": 87.96194458007812, "101530.0": 87.96067810058594, "101540.0": 87.87458801269531, "101550.0": 87.86502838134766, "101560.0": 88.16696166992188, "101570.0": 88.05598449707031, "101580.0": 87.89672088623047, "101590.0": 87.85050201416016, "101600.0": 87.8041000366211, "101610.0": 87.8224105834961, "101620.0": 87.74264526367188, "101630.0": 87.8245849609375, "101640.0": 87.8256607055664, "101650.0": 88.02725219726562, "101660.0": 88.3656005859375, "101670.0": 88.30609130859375, "101680.0": 88.32635498046875, "101690.0": 88.25504302978516, "101700.0": 88.1162109375, "101710.0": 88.20800018310547, "101720.0": 87.98236083984375, "101730.0": 88.03697204589844, "101740.0": 87.8719482421875, "101750.0": 88.08287811279297, "101760.0": 88.08887481689453, "101770.0": 87.945556640625, "101780.0": 87.83364868164062, "101790.0": 88.0020523071289, "101800.0": 88.151123046875, "101810.0": 88.10343933105469, "101820.0": 88.18762969970703, "101830.0": 88.04439544677734, "101840.0": 87.9354248046875, "101850.0": 87.89317321777344, "101860.0": 87.80026245117188, "101870.0": 87.63882446289062, "101880.0": 87.83648681640625, "101890.0": 87.82331848144531, "101900.0": 88.01631927490234, "101910.0": 87.89744567871094, "101920.0": 87.75572967529297, "101930.0": 87.93731689453125, "101940.0": 88.03321075439453, "101950.0": 88.12599182128906, "101960.0": 88.08356475830078, "101970.0": 88.01548767089844, "101980.0": 87.96347045898438, "101990.0": 87.88885498046875, "102000.0": 87.92163848876953, "102010.0": 87.71930694580078, "102020.0": 87.79472351074219, "102030.0": 87.60882568359375, "102040.0": 87.37814331054688, "102050.0": 87.43079376220703, "102060.0": 87.29674530029297, "102070.0": 87.66486358642578, "102080.0": 87.62052917480469, "102090.0": 87.49579620361328, "102100.0": 87.62641906738281, "102110.0": 87.58075714111328, "102120.0": 87.92050170898438, "102130.0": 88.18006896972656, "102140.0": 88.15977478027344, "102150.0": 88.39010620117188, "102160.0": 88.35999298095703, "102170.0": 88.47586822509766, "102180.0": 88.65040588378906, "102190.0": 88.5282974243164, "102200.0": 88.99883270263672, "102210.0": 88.7916488647461, "102220.0": 88.83921813964844, "102230.0": 88.87835693359375, "102240.0": 88.81209564208984, "102250.0": 88.66687774658203, "102260.0": 88.62250518798828, "102270.0": 88.70391845703125, "102280.0": 88.70521545410156, "102290.0": 88.61445617675781, "102300.0": 88.7746353149414, "102310.0": 88.7608642578125, "102320.0": 88.54107666015625, "102330.0": 88.46636962890625, "102340.0": 88.42227172851562, "102350.0": 88.09864044189453, "102360.0": 88.20147705078125, "102370.0": 88.10371398925781, "102380.0": 88.0824203491211, "102390.0": 88.1814193725586, "102400.0": 88.23164367675781, "102410.0": 88.18404388427734, "102420.0": 88.34927368164062, "102430.0": 88.30168151855469, "102440.0": 88.42121887207031, "102450.0": 87.89964294433594, "102460.0": 87.93568420410156, "102470.0": 87.8941421508789, "102480.0": 87.91553497314453, "102490.0": 88.1711654663086, "102500.0": 88.17233276367188, "102510.0": 88.20591735839844, "102520.0": 88.31568908691406, "102530.0": 88.35227966308594, "102540.0": 88.1703109741211, "102550.0": 88.05216979980469, "102560.0": 87.92151641845703, "102570.0": 87.78968048095703, "102580.0": 87.75244903564453,